Student7_2024_02_23_16_38, 2024-02-23 16:38
Time, Difficulty, EventType, Latency, Student Name, Score, TargetVesselTypeScore, TargetIsPortStarboardScore, TargetIsBowBeamSternScore, TargetRangeScore, TargetBearingScore, TargetAngleScore, TargetBearingDriftScore, TargetCPAIsPortStarboardScore, TargetCPAIsBowBeamSternScore, TargetCPARangeScore, RuleTypeScore, StandOnGiveWayScore, ActionScore, DegreesScore, SpeedScore, TargetVesselTypechosen, TargetVesselTypecorrect, TargetIsPortStarboardchosen, TargetIsPortStarboardcorrect, TargetIsBowBeamSternchosen, TargetIsBowBeamSterncorrect, TargetRangechosen, TargetRangecorrect, TargetBearingchosen, TargetBearingcorrect, TargetAnglechosen, TargetAnglecorrect, TargetBearingDriftchosen, TargetBearingDriftcorrect, TargetCPAIsPortStarboardchosen, TargetCPAIsPortStarboardcorrect, TargetCPAIsBowBeamSternchosen, TargetCPAIsBowBeamSterncorrect, TargetCPARangechosen, TargetCPARangecorrect, RuleTypechosen, RuleTypecorrect, StandOnGiveWaychosen, StandOnGiveWaycorrect, Actionchosen, Actioncorrect, Degreeschosen, Degreescorrect, Speedchosen, Speedcorrect, 
0018.5, None, GameMode, -1, Quiz
0018.5, None, Continue, -1, Continue
0268.6, Intermediate, Answer, 0, Student7, 69, 1, 1, 0, 0, 1, 0, 1, 0, 1, 0, 1, 1, 1, 1, 0, MV Serius Star2, MV Serius Star2, Port, Port, Beam, Bow, 10922, 6550.175, 335.7, 335.8064, 35, 10.15103, no, No, Port, Starboard, Beam, Beam, None, , Crossing, Crossing, Stand On, Stand On, Hold Course And Speed, Hold Course And Speed, 0 degrees, 0 degrees, 10 degrees, , 
0470.6, Intermediate, Answer, 0, Student7, 47, 0, 0, 0, 0, 0, 0, 1, 1, 0, 0, 0, 1, 1, 1, 0, Harry Truman17, HOS Brigadoon18, Port, Starboard, Bow, Broad On Bow, 10795, 5282.974, 360, 47.72829, 0, 336.5942, no, No, Port, Port, Bow, Broad On Bow, None, , Head On, Crossing, Give Way, Give Way, Turn To Starboard, Turn To Starboard, 30 degrees, 50 degrees, 30 degrees, , 
0644.6, Intermediate, Answer, 0, Student7, 48, 0, 1, 1, 0, 1, 1, 1, 0, 0, 0, 0, 0, 0, 1, 0, Harry Truman37, HOS Brigadoon38, Port, Port, Bow, Bow, 11097, 6879.617, 0, 343.3497, 0, 7.705444, no, No, Port, Starboard, Bow, Beam, None, , Head On, Crossing, Give Way, Stand On, Turn To Port, Hold Course And Speed, 30 degrees, 0 degrees, 30 degrees, , 
0792.8, Intermediate, Answer, 0, Student7, 45, 1, 1, 1, 0, 1, 0, 1, 0, 0, 0, 1, 0, 0, 1, 0, Polar Marquis58, Polar Marquis58, Starboard, Starboard, Bow, Bow, 7723, 5620.759, 20.3, 20.12045, 35, 347.3835, no, No, Starboard, Port, Bow, Beam, None, , Crossing, Crossing, Stand On, Give Way, Hold Course And Speed, Turn To Starboard, 0 degrees, 20 degrees, 10 degrees, , 
1019.5, Intermediate, Answer, 0, Student7, 46, 0, 0, 1, 0, 1, 1, 1, 0, 0, 0, 0, 0, 0, 1, 0, CMA CGM Nevada89, HOS Brigadoon80, Starboard, Port, Bow, Bow, 7117, 4457.101, 345.2, 336.2248, 40, 18.8295, no, No, Port, Starboard, Bow, Beam, None, , Overtaking, Crossing, Give Way, Stand On, Turn To Starboard, Hold Course And Speed, 30 degrees, 0 degrees, 30 degrees, , 
