Student7_2024_02_23_15_58, 2024-02-23 15:58
Time, Difficulty, EventType, Latency, Student Name, Score, TargetVesselTypeScore, TargetIsPortStarboardScore, TargetIsBowBeamSternScore, TargetRangeScore, TargetBearingScore, TargetAngleScore, TargetBearingDriftScore, TargetCPAIsPortStarboardScore, TargetCPAIsBowBeamSternScore, TargetCPARangeScore, RuleTypeScore, StandOnGiveWayScore, ActionScore, DegreesScore, SpeedScore, TargetVesselTypechosen, TargetVesselTypecorrect, TargetIsPortStarboardchosen, TargetIsPortStarboardcorrect, TargetIsBowBeamSternchosen, TargetIsBowBeamSterncorrect, TargetRangechosen, TargetRangecorrect, TargetBearingchosen, TargetBearingcorrect, TargetAnglechosen, TargetAnglecorrect, TargetBearingDriftchosen, TargetBearingDriftcorrect, TargetCPAIsPortStarboardchosen, TargetCPAIsPortStarboardcorrect, TargetCPAIsBowBeamSternchosen, TargetCPAIsBowBeamSterncorrect, TargetCPARangechosen, TargetCPARangecorrect, RuleTypechosen, RuleTypecorrect, StandOnGiveWaychosen, StandOnGiveWaycorrect, Actionchosen, Actioncorrect, Degreeschosen, Degreescorrect, Speedchosen, Speedcorrect, 
0029.8, None, GameMode, -1, Quiz
0029.8, None, Continue, -1, Continue
0404.1, Intermediate, Answer, 0, Student7, 86, 1, 1, 1, 0, 1, 1, 1, 0, 0, 0, 1, 1, 1, 1, 0, Smit Houston2, Smit Houston2, Port, Port, Bow, Bow, 8559, 4588.127, 331.9, 332.0696, 0, 11.81015, no, No, Port, Starboard, Bow, Beam, None, , Crossing, Crossing, Stand On, Stand On, Hold Course And Speed, Hold Course And Speed, 0 degrees, 0 degrees, 10 degrees, , 
0739.5, Intermediate, Answer, 0, Student7, 66, 0, 1, 0, 1, 0, 0, 1, 1, 0, 0, 1, 1, 1, 1, 0, Polar Marquis35, CMA CGM Nevada26, Starboard, Starboard, Quarter, Broad On Quarter, 1949, 1461.755, 165.1, 136.2309, 50, 317.7258, no, No, Starboard, Starboard, Quarter, Beam, None, , Overtaking, Overtaking, Stand On, Stand On, Hold Course And Speed, Hold Course And Speed, 0 degrees, 0 degrees, 10 degrees, , 
1013.9, Intermediate, Answer, 0, Student7, 58, 1, 1, 1, 1, 1, 0, 1, 1, 0, 0, 0, 1, 1, 1, 0, MV Serius Star50, MV Serius Star50, Port, Port, Bow, Bow, 2586, 1546.256, 356, 354.7803, 0, 174.6356, no, No, Port, Port, Bow, Beam, None, , Head On, Overtaking, Give Way, Give Way, Turn To Starboard, Turn To Starboard, 20 degrees, 20 degrees, 20 degrees, , 
