Student1_2024_02_21_17_02, 2024-02-21 17:02
Time, Difficulty, EventType, Latency, Student Name, Score, TargetVesselTypeScore, TargetIsPortStarboardScore, TargetIsBowBeamSternScore, TargetRangeScore, TargetBearingScore, TargetAngleScore, TargetBearingDriftScore, TargetCPAIsPortStarboardScore, TargetCPAIsBowBeamSternScore, TargetCPARangeScore, RuleTypeScore, StandOnGiveWayScore, ActionScore, DegreesScore, SpeedScore, TargetVesselTypechosen, TargetVesselTypecorrect, TargetIsPortStarboardchosen, TargetIsPortStarboardcorrect, TargetIsBowBeamSternchosen, TargetIsBowBeamSterncorrect, TargetRangechosen, TargetRangecorrect, TargetBearingchosen, TargetBearingcorrect, TargetAnglechosen, TargetAnglecorrect, TargetBearingDriftchosen, TargetBearingDriftcorrect, TargetCPAIsPortStarboardchosen, TargetCPAIsPortStarboardcorrect, TargetCPAIsBowBeamSternchosen, TargetCPAIsBowBeamSterncorrect, TargetCPARangechosen, TargetCPARangecorrect, RuleTypechosen, RuleTypecorrect, StandOnGiveWaychosen, StandOnGiveWaycorrect, Actionchosen, Actioncorrect, Degreeschosen, Degreescorrect, Speedchosen, Speedcorrect, 
0013.7, None, GameMode, -1, Quiz
0013.7, None, Continue, -1, Continue
0663.9, Intermediate, Answer, 0, Student1, 28, 0, 1, 0, 0, 0, 0, 1, 1, 0, 0, 0, 0, 0, 1, 0, Drill Haus6, Smit Houston2, Port, Port, Bow, Beam, 12311, 310.3557, 357.7, 248.8835, 15, 288.9246, a left, No, Port, Port, Bow, Beam, None, , Head On, Crossing, Give Way, Stand On, Turn To Starboard, Hold Course And Speed, 30 degrees, 0 degrees, 30 degrees, , 
1331.9, Intermediate, Answer, 0, Student1, 30, 0, 1, 0, 0, 0, 0, 1, 1, 0, 1, 0, 0, 0, 1, 0, Polar Marquis35, CMA CGM Nevada26, Starboard, Starboard, Bow, Broad On Bow, 7399, 1124.296, 10, 55.0523, 50, 236.5642, a right, No, Starboard, Starboard, Bow, Broad On Bow, 1000, 1123.779, Head On, Overtaking, Give Way, Stand On, Turn To Starboard, Hold Course And Speed, 40 degrees, 0 degrees, 40 degrees, , 
