Time, Difficulty, EventType, Latency, Score, TargetVesselTypescore, TargetIsPortStarboardscore, TargetIsBowBeamSternscore, TargetRangescore, TargetBearingscore, TargetAnglescore, TargetBearingDriftscore, TargetCPARangescore, TargetCPAIsPortStarboardscore, TargetCPAIsBowBeamSternscore, TargetCPATimescore, RuleTypescore, StandOnGiveWayscore, Actionscore, Degreesscore, Speedscore, TargetVesselTypechosen, TargetVesselTypecorrect, TargetIsPortStarboardchosen, TargetIsPortStarboardcorrect, TargetIsBowBeamSternchosen, TargetIsBowBeamSterncorrect, TargetRangechosen, TargetRangecorrect, TargetBearingchosen, TargetBearingcorrect, TargetAnglechosen, TargetAnglecorrect, TargetBearingDriftchosen, TargetBearingDriftcorrect, TargetCPARangechosen, TargetCPARangecorrect, TargetCPAIsPortStarboardchosen, TargetCPAIsPortStarboardcorrect, TargetCPAIsBowBeamSternchosen, TargetCPAIsBowBeamSterncorrect, TargetCPATimechosen, TargetCPATimecorrect, RuleTypechosen, RuleTypecorrect, StandOnGiveWaychosen, StandOnGiveWaycorrect, Actionchosen, Actioncorrect, Degreeschosen, Degreescorrect, Speedchosen, Speedcorrect, 
156.8, 0.42, Answer, 000.0, 38.7, 0, 0, 2, 2, 0, 17, 0, 0, 0, 0, 1.7, 15, 0, 0, 1, 0, Sirius Star_11, MV Serius Star_31, Stbd, Port, Bow, Bow, 4900, 4820, 167, 359, 10, 0, has strong left, is CBDR, 2600, 0, Stbd, Port, Bow, Beam, 6, 4, Head On, Head On, Stand on, Giveway, hold course and speed, turn to starboard, 90 deg, 90 deg, hold speed, hold speed, , 
269.0, 0.45, Answer, 000.0, 61, 0, 2, 0, 0, 0, 17, 0, 0, 5, 0, 2, 15, 0, 19, 1, 0, APLB_43, Tractor Tug 200_63, Stbd, Stbd, Bow, Stern, 6200, 1520, 12, 179, 5, 359, has slight left, is CBDR, 7000, 22, Stbd, Stbd, Bow, Beam, 4, 5, Overtaking, Overtaking, Giveway, Stand on, hold course and speed, hold course and speed, 90 deg, 90 deg, hold speed, hold speed, , 
398.4, 0.47, Answer, 000.0, 41, 0, 2, 2, 0, 0, 0, 0, 0, 0, 0, 2, 15, 0, 19, 1, 0, Low Life_74, HOS Brigadoon_97, Stbd, Stbd, Bow, Bow, 2000, 4890, 178, 0, 23, 358, has strong right, is CBDR, 1100, 1, Stbd, Port, Bow, Beam, 5, 5, Head On, Head On, In Extremis, Giveway, turn to starboard, turn to starboard, 0 deg, 0 deg, hold speed, hold speed, , 
553.3, 0.48, Answer, 000.0, 10, 2, 0, 0, 2, 0, 0, 0, 0, 5, 0, 0, 0, 0, 0, 1, 0, BoomBoom_131, BoomBoom_131, Stbd, Port, Quarter, Stern, 1400, 1068, 18, 180, 160, 1, has strong left, is CBDR, 800, 20, Port, Port, Quarter, Beam, 1, 4, Crossing, Overtaking, In Extremis, Stand on, turn to starboard, hold course and speed, 90 deg, 90 deg, hold speed, hold speed, , 
722.5, 0.49, Answer, 000.0, 20, 0, 2, 0, 0, 0, 0, 0, 0, 0, 0, 2, 15, 0, 0, 1, 0, CMA CGM Norsk_143, Smit Houston_165, Stbd, Stbd, Beam, Bow, 2000, 3431, 180, 0, 10, 358, has slight left, is CBDR, 800, 0, Stbd, Port, Quarter, Beam, 2, 3, Head On, Head On, In Extremis, Giveway, turn to port, turn to starboard, 0 deg, 0 deg, hold speed, hold speed, , 
812.1, 0.50, Answer, 000.0, 22, 0, 0, 2, 2, 0, 0, 0, 0, 0, 0, 2, 15, 0, 0, 1, 0, Hook Vessels, APLB_201, Port, Stbd, Bow, Bow, 5000, 4795, 180, 33, 180, 326, has strong left, is CBDR, 5000, 0, Port, Stbd, Bow, Quarter, 6, 5, Crossing, Crossing, Stand on, Giveway, hold course and speed, turn to starboard, 30 deg, 30 deg, hold speed, hold speed, , 
