Time, Difficulty, EventType, Latency, Score, TargetVesselTypescore, TargetIsPortStarboardscore, TargetIsBowBeamSternscore, TargetRangescore, TargetBearingscore, TargetAnglescore, TargetBearingDriftscore, TargetCPARangescore, TargetCPAIsPortStarboardscore, TargetCPAIsBowBeamSternscore, TargetCPATimescore, RuleTypescore, StandOnGiveWayscore, Actionscore, Degreesscore, Speedscore, TargetVesselTypechosen, TargetVesselTypecorrect, TargetIsPortStarboardchosen, TargetIsPortStarboardcorrect, TargetIsBowBeamSternchosen, TargetIsBowBeamSterncorrect, TargetRangechosen, TargetRangecorrect, TargetBearingchosen, TargetBearingcorrect, TargetAnglechosen, TargetAnglecorrect, TargetBearingDriftchosen, TargetBearingDriftcorrect, TargetCPARangechosen, TargetCPARangecorrect, TargetCPAIsPortStarboardchosen, TargetCPAIsPortStarboardcorrect, TargetCPAIsBowBeamSternchosen, TargetCPAIsBowBeamSterncorrect, TargetCPATimechosen, TargetCPATimecorrect, RuleTypechosen, RuleTypecorrect, StandOnGiveWaychosen, StandOnGiveWaycorrect, Actionchosen, Actioncorrect, Degreeschosen, Degreescorrect, Speedchosen, Speedcorrect, 
058.0, 0.25, Answer, 000.0, 94.4, 2, 2, 2, 1.7, 3, 20, 18, 2, 5, 0, 1.7, 15, 2, 19, 1, 0, TugWithTow, TugWithTow, Port, Port, Bow, Bow, 7900, 7058, 360, 359, 0, 0, is CBDR, is CBDR, 100, 0, Port, Port, Bow, Beam, 6, 8, Head On, Head On, Giveway, Giveway, turn to starboard, turn to starboard, 90 deg, 90 deg, hold speed, hold speed, , 
109.8, 0.29, Answer, 000.0, 92.7, 2, 2, 2, 0, 3, 20, 18, 2, 5, 0, 1.7, 15, 2, 19, 1, 0, Merchant, Merchant, Port, Port, Bow, Bow, 7600, 6584, 335, 335, 44, 43, is CBDR, is CBDR, 100, 0, Port, Port, Bow, Quarter, 6, 8, Crossing, Crossing, Stand on, Stand on, hold course and speed, hold course and speed, 90 deg, 90 deg, hold speed, hold speed, , 
167.6, 0.33, Answer, 000.0, 70, 2, 0, 2, 2, 3, 20, 0, 2, 0, 0, 2, 15, 2, 19, 1, 0, TugWithTow, TugWithTow, Port, Stbd, Bow, Bow, 3400, 3265, 0, 0, 180, 179, has strong left, is CBDR, 100, 27, Port, Stbd, Bow, Beam, 7, 8, Overtaking, Overtaking, Giveway, Giveway, turn to starboard, turn to starboard, 0 deg, 0 deg, hold speed, hold speed, , 
219.3, 0.37, Answer, 000.0, 90.7, 2, 2, 2, 0, 3, 20, 18, 0, 5, 0, 1.7, 15, 2, 19, 1, 0, Merchant, Merchant, Port, Port, Bow, Bow, 8800, 7537, 355, 359, 0, 0, is CBDR, is CBDR, 5000, 0, Port, Port, Bow, Beam, 6, 8, Head On, Head On, Giveway, Giveway, turn to starboard, turn to starboard, 90 deg, 90 deg, hold speed, hold speed, , 
