Student3_2024_02_22_17_50, 2024-02-22 17:50
Time, Difficulty, EventType, Latency, Student Name, Score, TargetVesselTypeScore, TargetIsPortStarboardScore, TargetIsBowBeamSternScore, TargetRangeScore, TargetBearingScore, TargetAngleScore, TargetBearingDriftScore, TargetCPAIsPortStarboardScore, TargetCPAIsBowBeamSternScore, TargetCPARangeScore, RuleTypeScore, StandOnGiveWayScore, ActionScore, DegreesScore, SpeedScore, TargetVesselTypechosen, TargetVesselTypecorrect, TargetIsPortStarboardchosen, TargetIsPortStarboardcorrect, TargetIsBowBeamSternchosen, TargetIsBowBeamSterncorrect, TargetRangechosen, TargetRangecorrect, TargetBearingchosen, TargetBearingcorrect, TargetAnglechosen, TargetAnglecorrect, TargetBearingDriftchosen, TargetBearingDriftcorrect, TargetCPAIsPortStarboardchosen, TargetCPAIsPortStarboardcorrect, TargetCPAIsBowBeamSternchosen, TargetCPAIsBowBeamSterncorrect, TargetCPARangechosen, TargetCPARangecorrect, RuleTypechosen, RuleTypecorrect, StandOnGiveWaychosen, StandOnGiveWaycorrect, Actionchosen, Actioncorrect, Degreeschosen, Degreescorrect, Speedchosen, Speedcorrect, 
0009.8, None, GameMode, -1, Quiz
0009.8, None, Continue, -1, Continue
0544.8, Intermediate, Answer, 0, Student3, 56, 1, 1, 1, 0, 1, 0, 1, 1, 0, 0, 0, 1, 1, 1, 0, Smit Houston2, Smit Houston2, Port, Port, Bow, Bow, 3782, 1471.737, 331.5, 327.713, None, 338.8951, a left, No, Port, Port, Bow, Beam, 7, 607.0408, Head On, Crossing, Stand On, Stand On, Hold Course And Speed, Hold Course And Speed, 0 degrees, 0 degrees, 10 degrees, , 
0714.2, Intermediate, Answer, 0, Student3, 60, 1, 1, 1, 1, 1, 0, 1, 1, 0, 1, 0, 1, 1, 1, 0, CMA CGM Nevada26, CMA CGM Nevada26, Starboard, Starboard, Quarter, Quarter, 2613, 1816.673, 167.7, 165.6922, None, 342.4177, a left, No, Starboard, Starboard, Quarter, Beam, 450, 640.8677, Head On, Overtaking, Stand On, Stand On, Hold Course And Speed, Hold Course And Speed, 0 degrees, 0 degrees, 10 degrees, , 
0851.5, Intermediate, Answer, 0, Student3, 39, 1, 1, 1, 1, 1, 0, 1, 1, 0, 1, 0, 0, 0, 1, 0, MV Serius Star50, MV Serius Star50, Port, Port, Bow, Bow, 2786, 2112.333, 356.4, 356.1727, None, 176.0359, a right, No, Port, Port, Bow, Beam, 153, 139.7842, Head On, Overtaking, Stand On, Give Way, Hold Course And Speed, Turn To Starboard, 0 degrees, 20 degrees, 10 degrees, , 
0976.2, Intermediate, Answer, 0, Student3, 32, 1, 1, 1, 0, 1, 0, 1, 0, 0, 1, 0, 0, 0, 1, 0, Stella Dawn72, Stella Dawn72, Starboard, Starboard, Bow, Bow, 8181, 5925.105, 18.5, 18.38319, 35, 349.4029, a right, No, Starboard, Port, Bow, Beam, 289.1, 75.69239, Head On, Crossing, Stand On, Give Way, Hold Course And Speed, Turn To Starboard, 0 degrees, 20 degrees, 10 degrees, , 
