Time, Difficulty, EventType, Latency, Score, TargetVesselTypescore, TargetIsPortStarboardscore, TargetIsBowBeamSternscore, TargetRangescore, TargetBearingscore, TargetAnglescore, TargetBearingDriftscore, TargetCPARangescore, TargetCPAIsPortStarboardscore, TargetCPAIsBowBeamSternscore, TargetCPATimescore, RuleTypescore, StandOnGiveWayscore, Actionscore, Degreesscore, Speedscore, TargetVesselTypechosen, TargetVesselTypecorrect, TargetIsPortStarboardchosen, TargetIsPortStarboardcorrect, TargetIsBowBeamSternchosen, TargetIsBowBeamSterncorrect, TargetRangechosen, TargetRangecorrect, TargetBearingchosen, TargetBearingcorrect, TargetAnglechosen, TargetAnglecorrect, TargetBearingDriftchosen, TargetBearingDriftcorrect, TargetCPARangechosen, TargetCPARangecorrect, TargetCPAIsPortStarboardchosen, TargetCPAIsPortStarboardcorrect, TargetCPAIsBowBeamSternchosen, TargetCPAIsBowBeamSterncorrect, TargetCPATimechosen, TargetCPATimecorrect, RuleTypechosen, RuleTypecorrect, StandOnGiveWaychosen, StandOnGiveWaycorrect, Actionchosen, Actioncorrect, Degreeschosen, Degreescorrect, Speedchosen, Speedcorrect, 
046.5, 0.24, Answer, 000.0, 75, 2, 2, 2, 2, 3, 20, 0, 0, 5, 0, 2, 15, 2, 19, 1, 0, TugWithTow, TugWithTow, Port, Port, Bow, Bow, 7400, 7268, 360, 359, 0, 0, has strong left, is CBDR, 5000, 0, Port, Port, Bow, Beam, 7, 8, Head On, Head On, Giveway, Giveway, turn to starboard, turn to starboard, 90 deg, 90 deg, hold speed, hold speed, , 
088.2, 0.25, Answer, 000.0, 28, 0, 0, 2, 0, 0, 0, 0, 2, 0, 0, 2, 0, 2, 19, 1, 0, Warship, Merchant, Port, Stbd, Bow, Bow, 10000, 7650, 360, 25, 0, 325, has strong left, is CBDR, 100, 0, Port, Stbd, Bow, Quarter, 8, 8, Overtaking, Crossing, Giveway, Giveway, turn to starboard, turn to starboard, 20 deg, 20 deg, hold speed, hold speed, , 
106.4, 0.29, Answer, 000.0, 69.7, 2, 2, 2, 0, 0, 20, 0, 0, 5, 0, 1.7, 15, 2, 19, 1, 0, Merchant, Merchant, Port, Port, Bow, Bow, 5000, 3665, 180, 359, 180, 180, has strong left, is CBDR, 5000, 19, Port, Port, Bow, Beam, 6, 8, Overtaking, Overtaking, Giveway, Giveway, turn to starboard, turn to starboard, 90 deg, 90 deg, hold speed, hold speed, , 
122.4, 0.32, Answer, 000.0, 69.7, 2, 2, 2, 0, 0, 20, 0, 0, 5, 0, 1.7, 15, 2, 19, 1, 0, TugWithTow, TugWithTow, Port, Port, Bow, Bow, 5000, 3483, 180, 359, 180, 180, has strong left, is CBDR, 5000, 12, Port, Port, Bow, Beam, 6, 8, Overtaking, Overtaking, Giveway, Giveway, turn to starboard, turn to starboard, 90 deg, 90 deg, hold speed, hold speed, , 
137.1, 0.35, Answer, 000.0, 47.7, 2, 0, 2, 0, 0, 0, 0, 0, 5, 0, 1.7, 15, 2, 19, 1, 0, Tanker, Tanker, Port, Stbd, Bow, Bow, 5000, 7202, 180, 29, 180, 318, has strong left, is CBDR, 5000, 0, Port, Port, Bow, Broad, 6, 8, Crossing, Crossing, Giveway, Giveway, turn to starboard, turn to starboard, 20 deg, 20 deg, hold speed, hold speed, , 
152.1, 0.36, Answer, 000.0, 31.7, 0, 2, 2, 0, 0, 20, 0, 0, 5, 0, 1.7, 0, 0, 0, 1, 0, APLB_47, Pusher Pup_57, Port, Port, Bow, Bow, 5000, 2919, 180, 359, 180, 180, has strong left, is CBDR, 5000, 9, Port, Port, Bow, Beam, 6, 8, Crossing, Overtaking, Stand on, Giveway, hold course and speed, turn to starboard, 90 deg, 90 deg, hold speed, hold speed, , 
