Time, Difficulty, EventType, Latency, Score, TargetVesselTypescore, TargetIsPortStarboardscore, TargetIsBowBeamSternscore, TargetRangescore, TargetBearingscore, TargetAnglescore, TargetBearingDriftscore, TargetCPARangescore, TargetCPAIsPortStarboardscore, TargetCPAIsBowBeamSternscore, TargetCPATimescore, RuleTypescore, StandOnGiveWayscore, Actionscore, Degreesscore, Speedscore, TargetVesselTypechosen, TargetVesselTypecorrect, TargetIsPortStarboardchosen, TargetIsPortStarboardcorrect, TargetIsBowBeamSternchosen, TargetIsBowBeamSterncorrect, TargetRangechosen, TargetRangecorrect, TargetBearingchosen, TargetBearingcorrect, TargetAnglechosen, TargetAnglecorrect, TargetBearingDriftchosen, TargetBearingDriftcorrect, TargetCPARangechosen, TargetCPARangecorrect, TargetCPAIsPortStarboardchosen, TargetCPAIsPortStarboardcorrect, TargetCPAIsBowBeamSternchosen, TargetCPAIsBowBeamSterncorrect, TargetCPATimechosen, TargetCPATimecorrect, RuleTypechosen, RuleTypecorrect, StandOnGiveWaychosen, StandOnGiveWaycorrect, Actionchosen, Actioncorrect, Degreeschosen, Degreescorrect, Speedchosen, Speedcorrect, 
034.1, 0.24, Answer, 000.0, 70.7, 2, 2, 2, 1.7, 3, 0, 18, 0, 5, 0, 0, 15, 2, 19, 1, 0, TugWithTow, TugWithTow, Port, Port, Bow, Bow, 8200, 7371, 360, 359, 103, 0, is CBDR, is CBDR, 2400, 0, Port, Port, Bow, Beam, 6, 9, Head On, Head On, Giveway, Giveway, turn to starboard, turn to starboard, 90 deg, 90 deg, hold speed, hold speed, , 
065.9, 0.27, Answer, 000.0, 72.4, 2, 2, 2, 1.7, 3, 0, 18, 0, 5, 0, 1.7, 15, 2, 19, 1, 0, TugWithTow, TugWithTow, Port, Port, Bow, Bow, 8200, 7320, 360, 359, 103, 0, is CBDR, is CBDR, 2400, 0, Port, Port, Bow, Beam, 6, 8, Head On, Head On, Giveway, Giveway, turn to starboard, turn to starboard, 90 deg, 90 deg, hold speed, hold speed, , 
114.6, 0.31, Answer, 000.0, 72.4, 2, 2, 2, 1.7, 3, 0, 18, 0, 5, 0, 1.7, 15, 2, 19, 1, 0, TugWithTow, TugWithTow, Stbd, Stbd, Bow, Bow, 7300, 6395, 11, 12, 213, 326, is CBDR, is CBDR, 5000, 0, Stbd, Stbd, Beam, Quarter, 6, 8, Crossing, Crossing, Giveway, Giveway, turn to starboard, turn to starboard, 10 deg, 10 deg, hold speed, hold speed, , 
156.8, 0.34, Answer, 000.0, 65.7, 2, 2, 2, 0, 3, 0, 18, 0, 0, 0, 1.7, 15, 2, 19, 1, 0, Merchant, Merchant, Port, Port, Bow, Bow, 10000, 12842, 326, 330, 56, 15, is CBDR, is CBDR, 5000, 0, Port, Stbd, Bow, Broad, 6, 8, Crossing, Crossing, Stand on, Stand on, hold course and speed, hold course and speed, 90 deg, 90 deg, hold speed, hold speed, , 
248.0, 0.35, Answer, 000.0, 28, 0, 0, 2, 0, 0, 0, 18, 0, 0, 5, 2, 0, 0, 0, 1, 0, CMA CGM Norsk_40, APLB_48, Port, Stbd, Bow, Bow, 2000, 8603, 321, 0, 108, 359, is CBDR, is CBDR, 5000, 0, Port, Stbd, Beam, Beam, 6, 7, Crossing, Head On, Stand on, Giveway, hold course and speed, turn to starboard, 0 deg, 0 deg, hold speed, hold speed, , 
302.5, 0.38, Answer, 000.0, 50.7, 0, 2, 2, 0, 3, 0, 0, 0, 5, 0, 1.7, 15, 2, 19, 1, 0, Yavuz_85, Yavuz_104, Port, Port, Bow, Bow, 3200, 7041, 358, 359, 19, 1, has strong left, is CBDR, 5000, 0, Port, Port, Bow, Beam, 6, 8, Head On, Head On, Giveway, Giveway, turn to starboard, turn to starboard, 90 deg, 90 deg, hold speed, hold speed, , 
