Student26_2024_03_19_00_02, 2024-03-19 00:02
Time, Difficulty, EventType, Latency, Student Name, Score, TargetVesselTypeScore, TargetIsPortStarboardScore, TargetIsBowBeamSternScore, TargetRangeScore, TargetBearingScore, TargetAngleScore, TargetBearingDriftScore, TargetCPAIsPortStarboardScore, TargetCPAIsBowBeamSternScore, TargetCPARangeScore, RuleTypeScore, StandOnGiveWayScore, ActionScore, DegreesScore, SpeedScore, TargetVesselTypechosen, TargetVesselTypecorrect, TargetIsPortStarboardchosen, TargetIsPortStarboardcorrect, TargetIsBowBeamSternchosen, TargetIsBowBeamSterncorrect, TargetRangechosen, TargetRangecorrect, TargetBearingchosen, TargetBearingcorrect, TargetAnglechosen, TargetAnglecorrect, TargetBearingDriftchosen, TargetBearingDriftcorrect, TargetCPAIsPortStarboardchosen, TargetCPAIsPortStarboardcorrect, TargetCPAIsBowBeamSternchosen, TargetCPAIsBowBeamSterncorrect, TargetCPARangechosen, TargetCPARangecorrect, RuleTypechosen, RuleTypecorrect, StandOnGiveWaychosen, StandOnGiveWaycorrect, Actionchosen, Actioncorrect, Degreeschosen, Degreescorrect, Speedchosen, Speedcorrect, 
0006.3, None, GameMode, -1, Quiz
0006.3, None, Continue, -1, Continue
0042.5, Beginner, Answer, 0, Student26, 71, 1, 0, 1, 1, 1, 0, 1, 1, 0, 0, 1, 1, 1, 1, 0, Tanker, Tanker, Port, Starboard, Bow, Bow, 9700, 8579.378, 21, 2.122448, 23, 358.337, no, No, Port, Port, Bow, Beam, None, , Head On, Head On, Give Way, Give Way, Turn To Starboard, Turn To Starboard, 10 degrees, 20 degrees, 10 degrees, , 
0083.6, Beginner, Answer, 0, Student26, 47, 1, 1, 1, 1, 1, 0, 1, 0, 0, 0, 1, 0, 0, 1, 0, Merchant, Merchant, Port, Port, Bow, Bow, 12199, 10800.15, 348, 348.9273, 44, 4.946472, no, No, Port, Starboard, Bow, Beam, None, , Crossing, Crossing, Give Way, Stand On, Turn To Starboard, Hold Course And Speed, 10 degrees, 0 degrees, 10 degrees, , 
0130.0, Beginner, Answer, 0, Student26, 93, 1, 1, 1, 1, 1, 1, 1, 0, 1, 0, 1, 1, 1, 1, 0, Merchant, Merchant, Starboard, Starboard, Bow, Bow, 8719, 7474.573, 24, 24.16526, 344, 342.0574, no, No, Starboard, Port, Beam, Beam, None, , Crossing, Crossing, Give Way, Give Way, Turn To Starboard, Turn To Starboard, 10 degrees, 20 degrees, 10 degrees, , 
0188.2, Beginner, Answer, 0, Student26, 76, 1, 0, 1, 1, 1, 0, 1, 1, 1, 0, 1, 1, 1, 1, 0, Tanker, Tanker, Port, Starboard, Bow, Bow, 11546, 9774.347, 0.5, 0.5111906, 180, 359.6758, no, No, Port, Port, Beam, Beam, None, , Head On, Head On, Give Way, Give Way, Turn To Starboard, Turn To Starboard, 10 degrees, 20 degrees, 10 degrees, , 
0232.6, Beginner, Answer, 0, Student26, 78, 1, 1, 1, 1, 1, 0, 1, 1, 1, 0, 1, 1, 1, 1, 0, Merchant, Merchant, Port, Port, Bow, Bow, 11803, 10136.13, 326, 326.4682, 40, 13.96613, no, No, Starboard, Starboard, Beam, Beam, None, , Crossing, Crossing, Stand On, Stand On, Hold Course And Speed, Hold Course And Speed, 0 degrees, 0 degrees, 10 degrees, , 
0476.6, Beginner, Answer, 0, Student26, 86, 1, 1, 1, 0, 1, 1, 1, 0, 0, 0, 1, 1, 1, 1, 0, Tug With Tow, Tug With Tow, Port, Port, Bow, Bow, 9266, 6815.675, 369, 359.2303, 0, 0.4996338, no, No, Port, Starboard, Bow, Beam, None, , Head On, Head On, Give Way, Give Way, Turn To Starboard, Turn To Starboard, 10 degrees, 20 degrees, 10 degrees, , 
0744.4, Beginner, Answer, 0, Student26, 91, 1, 1, 1, 0, 1, 1, 1, 1, 0, 0, 1, 1, 1, 1, 0, Merchant, Merchant, Port, Port, Bow, Bow, 8525, 6073.44, 359, 359.14, 0, 0.3743286, no, No, Port, Port, Bow, Beam, None, , Head On, Head On, Give Way, Give Way, Turn To Starboard, Turn To Starboard, 10 degrees, 20 degrees, 10 degrees, , 
1054.0, Beginner, Answer, 0, Student26, 66, 1, 1, 1, 0, 1, 0, 1, 0, 0, 0, 1, 1, 1, 1, 0, Tanker, Tanker, Port, Port, Bow, Bow, 8158, 5299.099, 338, 338.9406, 40, 11.14502, no, No, Port, Starboard, Bow, Beam, None, , Crossing, Crossing, Stand On, Stand On, Hold Course And Speed, Hold Course And Speed, 0 degrees, 0 degrees, 10 degrees, , 
