Student21_2024_02_23_21_24, 2024-02-23 21:24
Time, Difficulty, EventType, Latency, Student Name, Score, TargetVesselTypeScore, TargetIsPortStarboardScore, TargetIsBowBeamSternScore, TargetRangeScore, TargetBearingScore, TargetAngleScore, TargetBearingDriftScore, TargetCPAIsPortStarboardScore, TargetCPAIsBowBeamSternScore, TargetCPARangeScore, RuleTypeScore, StandOnGiveWayScore, ActionScore, DegreesScore, SpeedScore, TargetVesselTypechosen, TargetVesselTypecorrect, TargetIsPortStarboardchosen, TargetIsPortStarboardcorrect, TargetIsBowBeamSternchosen, TargetIsBowBeamSterncorrect, TargetRangechosen, TargetRangecorrect, TargetBearingchosen, TargetBearingcorrect, TargetAnglechosen, TargetAnglecorrect, TargetBearingDriftchosen, TargetBearingDriftcorrect, TargetCPAIsPortStarboardchosen, TargetCPAIsPortStarboardcorrect, TargetCPAIsBowBeamSternchosen, TargetCPAIsBowBeamSterncorrect, TargetCPARangechosen, TargetCPARangecorrect, RuleTypechosen, RuleTypecorrect, StandOnGiveWaychosen, StandOnGiveWaycorrect, Actionchosen, Actioncorrect, Degreeschosen, Degreescorrect, Speedchosen, Speedcorrect, 
0025.0, None, GameMode, -1, Quiz
0025.0, None, Continue, -1, Continue
0426.5, Intermediate, Answer, 0, Student21, 69, 0, 1, 1, 0, 1, 1, 1, 0, 0, 0, 0, 1, 1, 1, 0, MV Serius Star14, MV Serius Star2, Port, Port, Bow, Bow, 6500, 3964.533, 335.8, 335.9688, 0, 10.31104, no, No, Port, Starboard, Bow, Beam, None, , Head On, Crossing, Stand On, Stand On, Hold Course And Speed, Hold Course And Speed, 0 degrees, 0 degrees, 10 degrees, , 
0727.9, Intermediate, Answer, 0, Student21, 63, 1, 1, 0, 0, 1, 0, 1, 0, 0, 0, 1, 1, 1, 0, 0, HOS Brigadoon18, HOS Brigadoon18, Starboard, Starboard, Bow, Broad On Bow, 6931, 3948.503, 48.0, 47.01373, 0, 335.9119, no, No, Starboard, Port, Bow, Broad On Bow, None, , Crossing, Crossing, Give Way, Give Way, Turn To Starboard, Turn To Starboard, 70 degrees, 50 degrees, 70 degrees, , 
0982.1, Intermediate, Answer, 0, Student21, 84, 0, 1, 1, 0, 1, 1, 1, 0, 0, 0, 1, 1, 1, 1, 0, Smit Houston51, HOS Brigadoon38, Port, Port, Bow, Bow, 7583, 5560.034, 330, 343.3332, 30, 7.532684, no, No, Port, Starboard, Bow, Beam, None, , Crossing, Crossing, Stand On, Stand On, Hold Course And Speed, Hold Course And Speed, 0 degrees, 0 degrees, 10 degrees, , 
