Time, Difficulty, EventType, Latency, Score, TargetVesselTypescore, TargetIsPortStarboardscore, TargetIsBowBeamSternscore, TargetRangescore, TargetBearingscore, TargetAnglescore, TargetBearingDriftscore, TargetCPARangescore, TargetCPAIsPortStarboardscore, TargetCPAIsBowBeamSternscore, TargetCPATimescore, RuleTypescore, StandOnGiveWayscore, Actionscore, Degreesscore, Speedscore, TargetVesselTypechosen, TargetVesselTypecorrect, TargetIsPortStarboardchosen, TargetIsPortStarboardcorrect, TargetIsBowBeamSternchosen, TargetIsBowBeamSterncorrect, TargetRangechosen, TargetRangecorrect, TargetBearingchosen, TargetBearingcorrect, TargetAnglechosen, TargetAnglecorrect, TargetBearingDriftchosen, TargetBearingDriftcorrect, TargetCPARangechosen, TargetCPARangecorrect, TargetCPAIsPortStarboardchosen, TargetCPAIsPortStarboardcorrect, TargetCPAIsBowBeamSternchosen, TargetCPAIsBowBeamSterncorrect, TargetCPATimechosen, TargetCPATimecorrect, RuleTypechosen, RuleTypecorrect, StandOnGiveWaychosen, StandOnGiveWaycorrect, Actionchosen, Actioncorrect, Degreeschosen, Degreescorrect, Speedchosen, Speedcorrect, 
181.6, 0.42, Answer, 000.0, 31, 0, 2, 2, 0, 0, 0, 0, 0, 5, 0, 0, 0, 2, 19, 1, 0, Smit Houston_23, MV Serius Star_31, Port, Port, Bow, Bow, 1600, 4706, 79, 359, 60, 0, has slight left, is CBDR, 1400, 0, Port, Port, Bow, Beam, 1, 4, Crossing, Head On, Giveway, Giveway, turn to starboard, turn to starboard, 90 deg, 90 deg, hold speed, hold speed, , 
236.1, 0.43, Answer, 000.0, 27, 0, 0, 0, 0, 3, 0, 0, 0, 0, 0, 2, 0, 2, 19, 1, 0, Hook Vessels, Tractor Tug 200_63, Port, Stbd, Bow, Stern, 5000, 1779, 180, 179, 180, 359, has strong left, is CBDR, 5000, 22, Port, Stbd, Bow, Beam, 6, 6, Crossing, Overtaking, Stand on, Stand on, hold course and speed, hold course and speed, 90 deg, 90 deg, hold speed, hold speed, , 
250.7, 0.44, Answer, 000.0, 12, 0, 2, 2, 0, 0, 0, 0, 0, 5, 0, 2, 0, 0, 0, 1, 0, Hook Vessels, HOS Brigadoon_95, Port, Port, Bow, Bow, 5000, 6677, 180, 359, 180, 0, has strong left, is CBDR, 5000, 0, Port, Port, Bow, Beam, 6, 6, Crossing, Head On, Stand on, Giveway, hold course and speed, turn to starboard, 90 deg, 90 deg, hold speed, hold speed, , 
265.6, 0.45, Answer, 000.0, 20, 0, 0, 2, 0, 0, 0, 0, 0, 0, 0, 2, 15, 0, 0, 1, 0, Hook Vessels, HOS Brigadoon_127, Port, Stbd, Bow, Bow, 5000, 6005, 180, 21, 180, 327, has strong left, is CBDR, 5000, 0, Port, Stbd, Bow, Quarter, 6, 6, Crossing, Crossing, Stand on, Giveway, hold course and speed, turn to starboard, 20 deg, 20 deg, hold speed, hold speed, , 
660.4, 0.45, Answer, 000.0, 8, 0, 2, 0, 0, 0, 0, 0, 0, 5, 0, 0, 0, 0, 0, 1, 0, Hook Vessels, HOS Brigadoon_161, Port, Port, Bow, Stern, 5000, 37, 180, 199, 180, 20, has strong left, is CBDR, 5000, 37, Port, Port, Bow, Stern, 6, 0, Crossing, Overtaking, Stand on, In Extermis, hold course and speed, turn to starboard, 90 deg, 90 deg, hold speed, hold speed, , 
840.6, 0.45, Answer, 000.0, 10, 0, 2, 2, 0, 0, 0, 0, 0, 5, 0, 0, 0, 0, 0, 1, 0, Hook Vessels, Akuna 4_195, Port, Port, Bow, Bow, 5000, 3397, 180, 359, 180, 1, has strong left, is CBDR, 5000, 1, Port, Port, Bow, Beam, 6, 3, Crossing, Head On, Stand on, Giveway, hold course and speed, turn to starboard, 90 deg, 90 deg, hold speed, hold speed, , 
