Student4_2024_02_22_18_19, 2024-02-22 18:19
Time, Difficulty, EventType, Latency, Student Name, Score, TargetVesselTypeScore, TargetIsPortStarboardScore, TargetIsBowBeamSternScore, TargetRangeScore, TargetBearingScore, TargetAngleScore, TargetBearingDriftScore, TargetCPAIsPortStarboardScore, TargetCPAIsBowBeamSternScore, TargetCPARangeScore, RuleTypeScore, StandOnGiveWayScore, ActionScore, DegreesScore, SpeedScore, TargetVesselTypechosen, TargetVesselTypecorrect, TargetIsPortStarboardchosen, TargetIsPortStarboardcorrect, TargetIsBowBeamSternchosen, TargetIsBowBeamSterncorrect, TargetRangechosen, TargetRangecorrect, TargetBearingchosen, TargetBearingcorrect, TargetAnglechosen, TargetAnglecorrect, TargetBearingDriftchosen, TargetBearingDriftcorrect, TargetCPAIsPortStarboardchosen, TargetCPAIsPortStarboardcorrect, TargetCPAIsBowBeamSternchosen, TargetCPAIsBowBeamSterncorrect, TargetCPARangechosen, TargetCPARangecorrect, RuleTypechosen, RuleTypecorrect, StandOnGiveWaychosen, StandOnGiveWaycorrect, Actionchosen, Actioncorrect, Degreeschosen, Degreescorrect, Speedchosen, Speedcorrect, 
0017.1, None, GameMode, -1, Practice
0017.1, None, Continue, -1, Continue
0394.0, Intermediate, Answer, 0, Student4, 30, 0, 0, 0, 0, 1, 0, 1, 1, 0, 1, 0, 0, 0, 0, 0, Smit Houston11, HOS Brigadoon2, Port, Starboard, Bow, Broad On Bow, 1212, 3572.71, 30, 40.1555, 32, 341.9501, a left, No, Port, Port, Bow, Broad On Bow, 33, 105.568, Overtaking, Crossing, Stand On, Give Way, Hold Course And Speed, Turn To Starboard, 0 degrees, 40 degrees, 10 degrees, , 
0433.7, Intermediate, Answer, 0, Student4, 46, 0, 1, 1, 0, 0, 0, 1, 0, 0, 0, 0, 1, 1, 1, 0, , HOS Brigadoon26, Port, Port, Bow, Bow, None, 7953.062, None, 347.8179, None, 6.328461, a left, No, Port, Starboard, Bow, Beam, None, , Head On, Crossing, Stand On, Stand On, Hold Course And Speed, Hold Course And Speed, 0 degrees, 0 degrees, 10 degrees, , 
