Student4_2024_02_22_17_35, 2024-02-22 17:35
Time, Difficulty, EventType, Latency, Student Name, Score, TargetVesselTypeScore, TargetIsPortStarboardScore, TargetIsBowBeamSternScore, TargetRangeScore, TargetBearingScore, TargetAngleScore, TargetBearingDriftScore, TargetCPAIsPortStarboardScore, TargetCPAIsBowBeamSternScore, TargetCPARangeScore, RuleTypeScore, StandOnGiveWayScore, ActionScore, DegreesScore, SpeedScore, TargetVesselTypechosen, TargetVesselTypecorrect, TargetIsPortStarboardchosen, TargetIsPortStarboardcorrect, TargetIsBowBeamSternchosen, TargetIsBowBeamSterncorrect, TargetRangechosen, TargetRangecorrect, TargetBearingchosen, TargetBearingcorrect, TargetAnglechosen, TargetAnglecorrect, TargetBearingDriftchosen, TargetBearingDriftcorrect, TargetCPAIsPortStarboardchosen, TargetCPAIsPortStarboardcorrect, TargetCPAIsBowBeamSternchosen, TargetCPAIsBowBeamSterncorrect, TargetCPARangechosen, TargetCPARangecorrect, RuleTypechosen, RuleTypecorrect, StandOnGiveWaychosen, StandOnGiveWaycorrect, Actionchosen, Actioncorrect, Degreeschosen, Degreescorrect, Speedchosen, Speedcorrect, 
0014.9, None, GameMode, -1, Quiz
0014.9, None, Continue, -1, Continue
0629.7, Intermediate, Answer, 0, Student4, 66, 1, 1, 0, 0, 0, 0, 1, 1, 0, 0, 1, 1, 1, 1, 0, Smit Houston2, Smit Houston2, Port, Port, Bow, Beam, 3476, 397.6231, 331.6, 276.5435, 45, 316.6215, no, No, Port, Port, Bow, Beam, None, , Crossing, Crossing, Stand On, Stand On, Hold Course And Speed, Hold Course And Speed, 0 degrees, 0 degrees, 30 degrees, , 
0748.7, Intermediate, Answer, 0, Student4, 44, 1, 0, 0, 0, 0, 0, 1, 0, 0, 0, 0, 1, 1, 1, 0, CMA CGM Nevada26, CMA CGM Nevada26, Port, Starboard, Bow, Quarter, 1.3, 2068.261, 30, 167.3684, 30, 347.9604, no, No, Port, Starboard, Bow, Beam, None, , Head On, Overtaking, Stand On, Stand On, Hold Course And Speed, Hold Course And Speed, 0 degrees, 0 degrees, 10 degrees, , 
