Time, Difficulty, EventType, Latency, Student Name, Score, TargetVesselTypeScore, TargetIsPortStarboardScore, TargetIsBowBeamSternScore, TargetRangeScore, TargetBearingScore, TargetAngleScore, TargetBearingDriftScore, TargetCPAIsPortStarboardScore, TargetCPAIsBowBeamSternScore, TargetCPARangeScore, RuleTypeScore, StandOnGiveWayScore, ActionScore, DegreesScore, SpeedScore, TargetVesselTypechosen, TargetVesselTypecorrect, TargetIsPortStarboardchosen, TargetIsPortStarboardcorrect, TargetIsBowBeamSternchosen, TargetIsBowBeamSterncorrect, TargetRangechosen, TargetRangecorrect, TargetBearingchosen, TargetBearingcorrect, TargetAnglechosen, TargetAnglecorrect, TargetBearingDriftchosen, TargetBearingDriftcorrect, TargetCPAIsPortStarboardchosen, TargetCPAIsPortStarboardcorrect, TargetCPAIsBowBeamSternchosen, TargetCPAIsBowBeamSterncorrect, TargetCPARangechosen, TargetCPARangecorrect, RuleTypechosen, RuleTypecorrect, StandOnGiveWaychosen, StandOnGiveWaycorrect, Actionchosen, Actioncorrect, Degreeschosen, Degreescorrect, Speedchosen, Speedcorrect, 
94.0, Beginner, Answer,0,Student62,67,0,1,0,0,1,0,1,1,0,0,1,1,1,1,0, Merchant, Tanker, Port, Port, Beam, Broad On Bow,7590,5191.137,301,311.4925,350,22.86237, no, No, Starboard, Starboard, Bow, Broad On Bow, None, , Crossing, Crossing, Stand On, Stand On, Hold Course And Speed, Hold Course And Speed, 0 degrees, 0 degrees, 10 degrees, , 
202.0, Beginner, Answer,0,Student62,67,1,0,0,0,0,0,1,1,1,0,1,0,1,1,0, Merchant, Merchant, Port, Starboard, Bow, Beam, None,5326.107, None,59.2223, None,330.2174, no, No, Port, Port, Bow, Bow, None, , Crossing, Crossing, Stand On, Give Way, Turn To Starboard, Turn To Starboard, 10 degrees, 60 degrees, 10 degrees, , 
292.0, Beginner, Answer,0,Student62,67,1,0,1,1,0,1,1,0,1,0,1,0,0,1,0, Merchant, Merchant, Starboard, Port, Bow, Bow,7550,5753.42,20,350.9005,20,4.684021, no, No, Port, Starboard, Beam, Beam, None, , Crossing, Crossing, Give Way, Stand On, Turn To Starboard, Hold Course And Speed, 10 degrees, 0 degrees, 10 degrees, , 
400.0, Beginner, Answer,0,Student62,23,1,0,0,0,0,0,1,0,0,0,0,0,0,1,0, Merchant, Merchant, Port, Starboard, Bow, Quarter, None,2575.554, None,164.5375, None,345.4839, no, No, Port, Starboard, Bow, Beam, None, , Crossing, Overtaking, Give Way, Stand On, Turn To Starboard, Hold Course And Speed, 10 degrees, 0 degrees, 10 degrees, , 
519.0, Beginner, Answer,0,Student62,23,0,1,0,0,0,0,1,0,0,0,0,0,0,1,0, Tanker, Tug With Tow, Port, Port, Bow, Broad On Bow, None,7876.785, None,318.7238, None,18.56992, no, No, Port, Starboard, Bow, Broad On Bow, None, , Head On, Crossing, Give Way, Stand On, Turn To Starboard, Hold Course And Speed, 10 degrees, 0 degrees, 10 degrees, , 
616.0, Beginner, Answer,0,Student62,44,1,0,0,0,0,0,1,0,0,0,0,1,1,1,0, Merchant, Merchant, Port, Starboard, Bow, Broad On Bow,14700,3767.534,359,39.71606,110,339.0437, no, No, Starboard, Port, Beam, Broad On Bow, None, , Head On, Crossing, Give Way, Give Way, Turn To Starboard, Turn To Starboard, 10 degrees, 40 degrees, 10 degrees, , 
715.0, Beginner, Answer,0,Student62,44,1,0,0,0,0,0,1,0,0,0,0,1,1,1,0, Merchant, Merchant, Port, Starboard, Bow, Broad On Bow,10412,2481.557,359,55.00802,0,320.4616, no, No, Starboard, Port, Beam, Bow, None, , Head On, Crossing, Give Way, Give Way, Turn To Starboard, Turn To Starboard, 10 degrees, 60 degrees, 10 degrees, , 
784.0, Beginner, Answer,0,Student62,30,1,0,1,0,0,0,1,1,0,0,0,0,0,1,0, Merchant, Merchant, Port, Starboard, Bow, Bow, None,9047.28, None,24.49283, None,349.4026, no, No, Port, Port, Bow, Beam, None, , Head On, Crossing, Stand On, Give Way, Hold Course And Speed, Turn To Starboard, 0 degrees, 20 degrees, 10 degrees, , 
892.0, Beginner, Answer,0,Student62,32,1,1,1,0,0,0,1,1,0,0,0,0,0,1,0, Tanker, Tanker, Port, Port, Bow, Bow, None,2663.43, None,357.9118, None,177.7193, no, No, Port, Port, Bow, Beam, None, , Head On, Overtaking, Stand On, Give Way, Hold Course And Speed, Turn To Starboard, 0 degrees, 20 degrees, 10 degrees, , 
973.0, Beginner, Answer,0,Student62,66,0,1,1,0,0,0,1,1,0,0,1,1,1,1,0, Tanker, Merchant, Port, Port, Bow, Bow, None,7432.078, None,358.3246, None,1.039795, no, No, Port, Port, Bow, Beam, None, , Head On, Head On, Give Way, Give Way, Turn To Starboard, Turn To Starboard, 10 degrees, 20 degrees, 10 degrees, , 
