Student30_2024_02_27_20_43, 2024-02-27 20:43
Time, Difficulty, EventType, Latency, Student Name, Score, TargetVesselTypeScore, TargetIsPortStarboardScore, TargetIsBowBeamSternScore, TargetRangeScore, TargetBearingScore, TargetAngleScore, TargetBearingDriftScore, TargetCPAIsPortStarboardScore, TargetCPAIsBowBeamSternScore, TargetCPARangeScore, RuleTypeScore, StandOnGiveWayScore, ActionScore, DegreesScore, SpeedScore, TargetVesselTypechosen, TargetVesselTypecorrect, TargetIsPortStarboardchosen, TargetIsPortStarboardcorrect, TargetIsBowBeamSternchosen, TargetIsBowBeamSterncorrect, TargetRangechosen, TargetRangecorrect, TargetBearingchosen, TargetBearingcorrect, TargetAnglechosen, TargetAnglecorrect, TargetBearingDriftchosen, TargetBearingDriftcorrect, TargetCPAIsPortStarboardchosen, TargetCPAIsPortStarboardcorrect, TargetCPAIsBowBeamSternchosen, TargetCPAIsBowBeamSterncorrect, TargetCPARangechosen, TargetCPARangecorrect, RuleTypechosen, RuleTypecorrect, StandOnGiveWaychosen, StandOnGiveWaycorrect, Actionchosen, Actioncorrect, Degreeschosen, Degreescorrect, Speedchosen, Speedcorrect, 
0022.5, None, GameMode, -1, Quiz
0022.5, None, Continue, -1, Continue
0384.6, Intermediate, Answer, 0, Student30, 69, 0, 1, 0, 0, 0, 1, 1, 1, 0, 0, 0, 1, 1, 1, 0, Stella Dawn4, Smit Houston2, Port, Port, Quarter, Bow, 7307, 4977.419, 183.1, 331.4338, 10, 11.09064, no, No, Port, Port, Quarter, Beam, 7307, 16.66328, Overtaking, Crossing, Stand On, Stand On, Hold Course And Speed, Hold Course And Speed, 0 degrees, 0 degrees, 10 degrees, , 
0624.9, Intermediate, Answer, 0, Student30, 71, 1, 1, 0, 1, 1, 0, 1, 1, 0, 0, 1, 1, 1, 1, 0, CMA CGM Nevada26, CMA CGM Nevada26, Starboard, Starboard, Broad On Quarter, Quarter, 2429, 1655.479, 167.6, 153.0901, 340, 298.6613, no, No, Starboard, Starboard, Broad On Quarter, Quarter, 2429, 1653.417, Overtaking, Overtaking, Stand On, Stand On, Hold Course And Speed, Hold Course And Speed, 0 degrees, 0 degrees, 10 degrees, , 
0833.2, Intermediate, Answer, 0, Student30, 66, 1, 0, 1, 1, 1, 0, 1, 0, 0, 0, 1, 1, 1, 1, 0, MV Serius Star50, MV Serius Star50, Starboard, Port, Bow, Bow, 2444, 1818.026, 356, 355.5793, 360, 175.2561, no, No, Starboard, Port, Bow, Beam, 2444, 137.6653, Overtaking, Overtaking, Give Way, Give Way, Turn To Starboard, Turn To Starboard, 30 degrees, 20 degrees, 30 degrees, , 
