Time, Difficulty, EventType, Latency, Score, TargetVesselTypescore, TargetIsPortStarboardscore, TargetIsBowBeamSternscore, TargetRangescore, TargetBearingscore, TargetAnglescore, TargetBearingDriftscore, TargetCPARangescore, TargetCPAIsPortStarboardscore, TargetCPAIsBowBeamSternscore, TargetCPATimescore, RuleTypescore, StandOnGiveWayscore, Actionscore, Degreesscore, Speedscore, TargetVesselTypechosen, TargetVesselTypecorrect, TargetIsPortStarboardchosen, TargetIsPortStarboardcorrect, TargetIsBowBeamSternchosen, TargetIsBowBeamSterncorrect, TargetRangechosen, TargetRangecorrect, TargetBearingchosen, TargetBearingcorrect, TargetAnglechosen, TargetAnglecorrect, TargetBearingDriftchosen, TargetBearingDriftcorrect, TargetCPARangechosen, TargetCPARangecorrect, TargetCPAIsPortStarboardchosen, TargetCPAIsPortStarboardcorrect, TargetCPAIsBowBeamSternchosen, TargetCPAIsBowBeamSterncorrect, TargetCPATimechosen, TargetCPATimecorrect, RuleTypechosen, RuleTypecorrect, StandOnGiveWaychosen, StandOnGiveWaycorrect, Actionchosen, Actioncorrect, Degreeschosen, Degreescorrect, Speedchosen, Speedcorrect, 
225.5, 0.43, Answer, 000.0, 67.25, 0, 2, 2, 0, 2.55, 17, 0, 1.7, 5, 0, 0, 15, 2, 19, 1, 0, Sirius Star_11, MV Serius Star_31, Port, Port, Bow, Bow, 5400, 3566, 9, 359, 10, 0, has strong left, is CBDR, 400, 0, Port, Port, Bow, Beam, 9, 3, Head On, Head On, Giveway, Giveway, turn to starboard, turn to starboard, 90 deg, 90 deg, hold speed, hold speed, , 
494.3, 0.44, Answer, 000.0, 20.7, 0, 0, 0, 0, 3, 0, 0, 1.7, 0, 0, 0, 15, 0, 0, 1, 0, Yavuz_39, Tractor Tug 200_63, Port, Stbd, Bow, Stern, 4500, 667, 173, 178, 320, 357, has slight right, is CBDR, 300, 22, Port, Stbd, Bow, Beam, 9, 2, Overtaking, Overtaking, Giveway, Stand on, turn to starboard, hold course and speed, 90 deg, 90 deg, hold speed, hold speed, , 
516.0, 0.45, Answer, 000.0, 10, 0, 0, 2, 0, 0, 0, 0, 0, 5, 0, 2, 0, 0, 0, 1, 0, Hook Vessels, HOS Brigadoon_97, Port, Stbd, Bow, Bow, 5000, 6689, 180, 0, 180, 358, has strong left, is CBDR, 5000, 0, Port, Port, Bow, Beam, 6, 6, Crossing, Head On, Stand on, Giveway, hold course and speed, turn to starboard, 0 deg, 0 deg, hold speed, hold speed, , 
533.7, 0.47, Answer, 000.0, 34, 0, 2, 0, 0, 3, 0, 0, 0, 5, 0, 2, 0, 2, 19, 1, 0, Hook Vessels, BoomBoom_131, Port, Port, Bow, Stern, 5000, 1638, 180, 180, 180, 0, has strong left, is CBDR, 5000, 19, Port, Port, Bow, Beam, 6, 6, Crossing, Overtaking, Stand on, Stand on, hold course and speed, hold course and speed, 90 deg, 90 deg, hold speed, hold speed, , 
746.2, 0.48, Answer, 000.0, 25.7, 0, 0, 2, 1.7, 0, 0, 0, 0, 0, 0, 0, 0, 2, 19, 1, 0, CMA CGM Norsk_143, Smit Houston_165, Port, Stbd, Bow, Bow, 2100, 2735, 18, 0, 339, 358, has slight right, is CBDR, 700, 0, Stbd, Port, Bow, Beam, 6, 3, Overtaking, Head On, Giveway, Giveway, turn to starboard, turn to starboard, 0 deg, 0 deg, hold speed, hold speed, , 
762.4, 0.49, Answer, 000.0, 20, 0, 0, 2, 0, 0, 0, 0, 0, 0, 0, 2, 15, 0, 0, 1, 0, Hook Vessels, APLB_199, Port, Stbd, Bow, Bow, 5000, 6354, 180, 32, 180, 327, has strong left, is CBDR, 5000, 0, Port, Stbd, Bow, Quarter, 6, 6, Crossing, Crossing, Stand on, Giveway, hold course and speed, turn to starboard, 30 deg, 30 deg, hold speed, hold speed, , 
932.5, 0.49, Answer, 000.0, 9.7, 0, 0, 2, 2, 3, 0, 0, 1.7, 0, 0, 0, 0, 0, 0, 1, 0, SidecarSally_213, Smit Houston_235, Stbd, Port, Bow, Bow, 3800, 3390, 353, 350, 0, 12, has strong right, is CBDR, 300, 0, Stbd, Port, Bow, Beam, 9, 3, Overtaking, Crossing, Giveway, Stand on, turn to starboard, hold course and speed, 90 deg, 90 deg, hold speed, hold speed, , 
