Student15_2024_02_22_12_59, 2024-02-22 12:59
Time, Difficulty, EventType, Latency, Student Name, Score, TargetVesselTypeScore, TargetIsPortStarboardScore, TargetIsBowBeamSternScore, TargetRangeScore, TargetBearingScore, TargetAngleScore, TargetBearingDriftScore, TargetCPAIsPortStarboardScore, TargetCPAIsBowBeamSternScore, TargetCPARangeScore, RuleTypeScore, StandOnGiveWayScore, ActionScore, DegreesScore, SpeedScore, TargetVesselTypechosen, TargetVesselTypecorrect, TargetIsPortStarboardchosen, TargetIsPortStarboardcorrect, TargetIsBowBeamSternchosen, TargetIsBowBeamSterncorrect, TargetRangechosen, TargetRangecorrect, TargetBearingchosen, TargetBearingcorrect, TargetAnglechosen, TargetAnglecorrect, TargetBearingDriftchosen, TargetBearingDriftcorrect, TargetCPAIsPortStarboardchosen, TargetCPAIsPortStarboardcorrect, TargetCPAIsBowBeamSternchosen, TargetCPAIsBowBeamSterncorrect, TargetCPARangechosen, TargetCPARangecorrect, RuleTypechosen, RuleTypecorrect, StandOnGiveWaychosen, StandOnGiveWaycorrect, Actionchosen, Actioncorrect, Degreeschosen, Degreescorrect, Speedchosen, Speedcorrect, 
0012.7, None, GameMode, -1, Quiz
0012.7, None, Continue, -1, Continue
0945.6, Intermediate, Answer, 0, Student15, 21, 0, 0, 0, 0, 0, 0, 1, 0, 0, 0, 0, 0, 0, 1, 0, Smit Houston11, Smit Houston2, Port, Starboard, Bow, Quarter, 9081, 5177.245, 360.0, 154.9217, 0, 195.0389, no, No, Port, Starboard, Bow, Quarter, None, , Head On, Crossing, Give Way, Stand On, Turn To Starboard, Hold Course And Speed, 40 degrees, 0 degrees, 40 degrees, , 
1365.4, Intermediate, Answer, 0, Student15, 52, 1, 1, 0, 1, 0, 0, 1, 1, 1, 0, 1, 0, 0, 1, 0, CMA CGM Nevada26, CMA CGM Nevada26, Starboard, Starboard, Quarter, Beam, 2172, 1169.259, 162.7, 122.3132, 350, 303.8303, a left, No, Starboard, Starboard, Beam, Beam, None, , Overtaking, Overtaking, Give Way, Stand On, Turn To Starboard, Hold Course And Speed, 50 degrees, 0 degrees, 50 degrees, , 
