Time, Difficulty, EventType, Latency, Score, TargetVesselTypescore, TargetIsPortStarboardscore, TargetIsBowBeamSternscore, TargetRangescore, TargetBearingscore, TargetAnglescore, TargetBearingDriftscore, TargetCPARangescore, TargetCPAIsPortStarboardscore, TargetCPAIsBowBeamSternscore, TargetCPATimescore, RuleTypescore, StandOnGiveWayscore, Actionscore, Degreesscore, Speedscore, TargetVesselTypechosen, TargetVesselTypecorrect, TargetIsPortStarboardchosen, TargetIsPortStarboardcorrect, TargetIsBowBeamSternchosen, TargetIsBowBeamSterncorrect, TargetRangechosen, TargetRangecorrect, TargetBearingchosen, TargetBearingcorrect, TargetAnglechosen, TargetAnglecorrect, TargetBearingDriftchosen, TargetBearingDriftcorrect, TargetCPARangechosen, TargetCPARangecorrect, TargetCPAIsPortStarboardchosen, TargetCPAIsPortStarboardcorrect, TargetCPAIsBowBeamSternchosen, TargetCPAIsBowBeamSterncorrect, TargetCPATimechosen, TargetCPATimecorrect, RuleTypechosen, RuleTypecorrect, StandOnGiveWaychosen, StandOnGiveWaycorrect, Actionchosen, Actioncorrect, Degreeschosen, Degreescorrect, Speedchosen, Speedcorrect, 
219.6, 0.40, Answer, 000.0, 8.7, 0, 0, 2, 2, 0, 0, 0, 1.7, 0, 0, 0, 0, 2, 0, 1, 0, BoomBoom_10, MV Serius Star_31, Stbd, Port, Bow, Bow, 3500, 3503, 82, 359, 20, 0, has slight left, is CBDR, 400, 5, Stbd, Port, Bow, Beam, 6, 3, Overtaking, Head On, Giveway, Giveway, hold course and speed, turn to starboard, 90 deg, 90 deg, hold speed, hold speed, , 
466.6, 0.41, Answer, 000.0, 13.7, 0, 2, 0, 2, 0, 0, 0, 1.7, 5, 0, 0, 0, 2, 0, 1, 0, HOS Brigadoon_45, Tractor Tug 200_63, Stbd, Stbd, Bow, Stern, 1100, 861, 353, 179, 12, 358, has slight left, is CBDR, 400, 23, Stbd, Stbd, Bow, Beam, 6, 3, Crossing, Overtaking, Stand on, Stand on, turn to starboard, hold course and speed, 90 deg, 90 deg, hold speed, hold speed, , 
726.4, 0.42, Answer, 000.0, 20, 0, 2, 2, 0, 0, 0, 0, 0, 0, 0, 0, 15, 0, 0, 1, 0, Hook Vessels, HOS Brigadoon_95, Port, Port, Bow, Bow, 4000, 2716, 324, 359, 77, 0, has slight right, is CBDR, 3700, 0, Stbd, Port, Bow, Beam, 9, 3, Head On, Head On, Stand on, Giveway, turn to port, turn to starboard, 90 deg, 90 deg, hold speed, hold speed, , 
980.9, 0.44, Answer, 000.0, 28.7, 0, 2, 2, 0, 0, 0, 0, 0, 5, 0, 1.7, 15, 2, 0, 1, 0, Hook Vessels, HOS Brigadoon_127, Stbd, Stbd, Bow, Bow, 1500, 3364, 331, 21, 49, 327, has slight right, is CBDR, 1000, 0, Port, Port, Bow, Broad, 6, 4, Crossing, Crossing, Giveway, Giveway, turn to port, turn to starboard, 20 deg, 20 deg, hold speed, hold speed, , 
