Student16_2024_02_22_13_26, 2024-02-22 13:26
Time, Difficulty, EventType, Latency, Student Name, Score, TargetVesselTypeScore, TargetIsPortStarboardScore, TargetIsBowBeamSternScore, TargetRangeScore, TargetBearingScore, TargetAngleScore, TargetBearingDriftScore, TargetCPAIsPortStarboardScore, TargetCPAIsBowBeamSternScore, TargetCPARangeScore, RuleTypeScore, StandOnGiveWayScore, ActionScore, DegreesScore, SpeedScore, TargetVesselTypechosen, TargetVesselTypecorrect, TargetIsPortStarboardchosen, TargetIsPortStarboardcorrect, TargetIsBowBeamSternchosen, TargetIsBowBeamSterncorrect, TargetRangechosen, TargetRangecorrect, TargetBearingchosen, TargetBearingcorrect, TargetAnglechosen, TargetAnglecorrect, TargetBearingDriftchosen, TargetBearingDriftcorrect, TargetCPAIsPortStarboardchosen, TargetCPAIsPortStarboardcorrect, TargetCPAIsBowBeamSternchosen, TargetCPAIsBowBeamSterncorrect, TargetCPARangechosen, TargetCPARangecorrect, RuleTypechosen, RuleTypecorrect, StandOnGiveWaychosen, StandOnGiveWaycorrect, Actionchosen, Actioncorrect, Degreeschosen, Degreescorrect, Speedchosen, Speedcorrect, 
0011.9, None, GameMode, -1, Quiz
0011.9, None, Continue, -1, Continue
0177.0, Intermediate, Answer, 0, Student16, 57, 0, 1, 1, 0, 1, 1, 1, 0, 1, 1, 0, 1, 0, 1, 0, Drill Haus6, Smit Houston2, Port, Port, Bow, Bow, 11000, 7696.838, 352, 331.8698, 10, 11.61951, a right, No, Port, Starboard, Beam, Beam, 123, 41.89878, Head On, Crossing, Stand On, Stand On, Turn To Starboard, Hold Course And Speed, 10 degrees, 0 degrees, 10 degrees, , 
0388.0, Intermediate, Answer, 0, Student16, 28, 0, 0, 0, 0, 0, 0, 1, 1, 0, 0, 0, 1, 0, 1, 0, Harry Truman25, CMA CGM Nevada26, Port, Starboard, Bow, Quarter, 11000, 1679.57, 90.2, 159.5981, 23, 306.3229, a left, No, Starboard, Starboard, Broad On Bow, Quarter, 64, 1646.698, Head On, Overtaking, Stand On, Stand On, Turn To Starboard, Hold Course And Speed, 20 degrees, 0 degrees, 20 degrees, , 
0591.7, Intermediate, Answer, 0, Student16, 34, 1, 1, 1, 0, 1, 0, 1, 0, 0, 1, 0, 1, 0, 1, 0, MV Serius Star50, MV Serius Star50, Port, Port, Bow, Bow, 11111, 1838.323, 352, 355.6057, None, 175.4649, a right, No, Starboard, Port, Bow, Beam, 350, 139.767, Crossing, Overtaking, Give Way, Give Way, Hold Course And Speed, Turn To Starboard, 0 degrees, 20 degrees, 10 degrees, , 
0799.1, Intermediate, Answer, 0, Student16, 44, 0, 0, 1, 0, 0, 0, 1, 0, 0, 1, 0, 0, 1, 1, 0, Harry Truman71, Stella Dawn72, Port, Starboard, Bow, Bow, 10000, 4725.855, 89.8, 18.20323, 26, 349.2264, a left, No, Starboard, Port, Bow, Beam, 153, 75.0238, Head On, Crossing, Stand On, Give Way, Turn To Starboard, Turn To Starboard, 20 degrees, 20 degrees, 20 degrees, , 
0926.1, Intermediate, Answer, 0, Student16, 34, 0, 1, 0, 0, 0, 0, 1, 1, 1, 1, 0, 0, 0, 0, 0, Harry Truman89, CMA CGM Norsk90, Starboard, Starboard, Bow, Beam, 11000, 4819.997, 360, 59.27417, None, 332.4017, a right, No, Port, Port, Bow, Bow, 350, 297.9157, Head On, Crossing, Stand On, Give Way, Turn To Port, Turn To Starboard, 20 degrees, 60 degrees, 20 degrees, , 
