Time, Difficulty, EventType, Latency, Score, TargetVesselTypescore, TargetIsPortStarboardscore, TargetIsBowBeamSternscore, TargetRangescore, TargetBearingscore, TargetAnglescore, TargetBearingDriftscore, TargetCPARangescore, TargetCPAIsPortStarboardscore, TargetCPAIsBowBeamSternscore, TargetCPATimescore, RuleTypescore, StandOnGiveWayscore, Actionscore, Degreesscore, Speedscore, TargetVesselTypechosen, TargetVesselTypecorrect, TargetIsPortStarboardchosen, TargetIsPortStarboardcorrect, TargetIsBowBeamSternchosen, TargetIsBowBeamSterncorrect, TargetRangechosen, TargetRangecorrect, TargetBearingchosen, TargetBearingcorrect, TargetAnglechosen, TargetAnglecorrect, TargetBearingDriftchosen, TargetBearingDriftcorrect, TargetCPARangechosen, TargetCPARangecorrect, TargetCPAIsPortStarboardchosen, TargetCPAIsPortStarboardcorrect, TargetCPAIsBowBeamSternchosen, TargetCPAIsBowBeamSterncorrect, TargetCPATimechosen, TargetCPATimecorrect, RuleTypechosen, RuleTypecorrect, StandOnGiveWaychosen, StandOnGiveWaycorrect, Actionchosen, Actioncorrect, Degreeschosen, Degreescorrect, Speedchosen, Speedcorrect, 
044.8, 0.23, Answer, 000.0, 52.7, 2, 2, 2, 0, 3, 0, 0, 0, 5, 0, 1.7, 15, 2, 19, 1, 0, TugWithTow, TugWithTow, Port, Port, Bow, Bow, 8400, 7247, 360, 359, 180, 0, has strong left, is CBDR, 5000, 0, Port, Port, Bow, Beam, 6, 8, Head On, Head On, Giveway, Giveway, turn to starboard, turn to starboard, 90 deg, 90 deg, hold speed, hold speed, , 
092.4, 0.24, Answer, 000.0, 25, 2, 0, 2, 0, 3, 0, 0, 0, 0, 0, 2, 15, 0, 0, 1, 0, Merchant, Merchant, Port, Stbd, Bow, Bow, 8800, 7614, 25, 25, 31, 325, has strong left, is CBDR, 5000, 0, Port, Stbd, Bow, Quarter, 8, 8, Crossing, Crossing, Stand on, Giveway, hold course and speed, turn to starboard, 20 deg, 20 deg, hold speed, hold speed, , 
142.8, 0.27, Answer, 000.0, 68, 2, 0, 2, 2, 3, 20, 0, 0, 0, 0, 2, 15, 2, 19, 1, 0, Merchant, Merchant, Port, Stbd, Bow, Bow, 3900, 3430, 0, 0, 180, 179, has strong left, is CBDR, 5000, 3, Port, Stbd, Bow, Beam, 8, 8, Overtaking, Overtaking, Giveway, Giveway, turn to starboard, turn to starboard, 0 deg, 0 deg, hold speed, hold speed, , 
190.9, 0.30, Answer, 000.0, 49.7, 2, 0, 2, 1.7, 0, 0, 0, 0, 5, 0, 2, 15, 2, 19, 1, 0, TugWithTow, TugWithTow, Port, Stbd, Bow, Bow, 7900, 7311, 275, 0, 180, 358, has strong left, is CBDR, 5000, 0, Port, Port, Bow, Beam, 8, 8, Head On, Head On, Giveway, Giveway, turn to starboard, turn to starboard, 0 deg, 0 deg, hold speed, hold speed, , 
229.4, 0.31, Answer, 000.0, 21, 2, 0, 0, 0, 3, 0, 0, 0, 0, 0, 0, 15, 0, 0, 1, 0, Merchant, Merchant, Port, Stbd, Bow, Stern, 5000, 1179, 180, 179, 180, 359, has strong left, is CBDR, 5000, 61, Port, Stbd, Bow, Beam, 12, 8, Overtaking, Overtaking, Giveway, Stand on, turn to starboard, hold course and speed, 90 deg, 90 deg, hold speed, hold speed, , 
268.4, 0.33, Answer, 000.0, 53, 2, 2, 0, 2, 3, 0, 0, 0, 5, 0, 2, 15, 2, 19, 1, 0, CruiseShip, CruiseShip, Port, Port, Bow, Stern, 600, 619, 180, 180, 180, 0, has strong left, is CBDR, 5000, 24, Port, Port, Bow, Beam, 8, 8, Overtaking, Overtaking, Stand on, Stand on, hold course and speed, hold course and speed, 90 deg, 90 deg, hold speed, hold speed, , 
