Student27_2024_04_02_09_26, 2024-04-02 09:26
Time, Difficulty, EventType, Latency, Student Name, Score, TargetVesselTypeScore, TargetIsPortStarboardScore, TargetIsBowBeamSternScore, TargetRangeScore, TargetBearingScore, TargetAngleScore, TargetBearingDriftScore, TargetCPAIsPortStarboardScore, TargetCPAIsBowBeamSternScore, TargetCPARangeScore, RuleTypeScore, StandOnGiveWayScore, ActionScore, DegreesScore, SpeedScore, TargetVesselTypechosen, TargetVesselTypecorrect, TargetIsPortStarboardchosen, TargetIsPortStarboardcorrect, TargetIsBowBeamSternchosen, TargetIsBowBeamSterncorrect, TargetRangechosen, TargetRangecorrect, TargetBearingchosen, TargetBearingcorrect, TargetAnglechosen, TargetAnglecorrect, TargetBearingDriftchosen, TargetBearingDriftcorrect, TargetCPAIsPortStarboardchosen, TargetCPAIsPortStarboardcorrect, TargetCPAIsBowBeamSternchosen, TargetCPAIsBowBeamSterncorrect, TargetCPARangechosen, TargetCPARangecorrect, RuleTypechosen, RuleTypecorrect, StandOnGiveWaychosen, StandOnGiveWaycorrect, Actionchosen, Actioncorrect, Degreeschosen, Degreescorrect, Speedchosen, Speedcorrect, 
0014.6, None, GameMode, -1, Quiz
0014.6, None, Continue, -1, Continue
0088.6, Beginner, Answer, 0, Student27, 68, 1, 0, 1, 1, 0, 0, 1, 1, 0, 0, 1, 1, 1, 1, 0, Tanker, Tanker, Port, Starboard, Bow, Bow, 6777, 8164.721, None, 2.117765, None, 358.3303, no, No, Port, Port, Bow, Beam, None, , Head On, Head On, Give Way, Give Way, Turn To Starboard, Turn To Starboard, 10 degrees, 20 degrees, 10 degrees, , 
0375.7, Beginner, Answer, 0, Student27, 88, 0, 1, 1, 1, 0, 1, 1, 1, 0, 0, 1, 1, 1, 1, 0, Warship, Merchant, Port, Port, Bow, Bow, 5130, 6726.272, None, 348.9178, 10, 4.922668, no, No, Port, Port, Bow, Beam, None, , Crossing, Crossing, Stand On, Stand On, Hold Course And Speed, Hold Course And Speed, 0 degrees, 0 degrees, 10 degrees, , 
0710.5, Beginner, Answer, 0, Student27, 76, 1, 0, 1, 1, 1, 1, 1, 1, 0, 0, 0, 1, 1, 1, 0, Merchant, Merchant, Port, Starboard, Bow, Bow, 5133, 4073.811, 23, 23.49599, 340, 341.4967, no, No, Port, Port, Bow, Beam, None, , Overtaking, Crossing, Give Way, Give Way, Turn To Starboard, Turn To Starboard, 10 degrees, 20 degrees, 10 degrees, , 
1024.6, Beginner, Answer, 0, Student27, 91, 1, 0, 1, 1, 1, 1, 1, 1, 0, 0, 1, 1, 1, 1, 0, Tanker, Tanker, Port, Starboard, Bow, Bow, 7169, 5698.539, 1, 0.4734191, 360, 359.6381, no, No, Port, Port, Bow, Beam, None, , Head On, Head On, Give Way, Give Way, Turn To Starboard, Turn To Starboard, 10 degrees, 20 degrees, 10 degrees, , 
1356.7, Beginner, Answer, 0, Student27, 47, 1, 1, 1, 1, 1, 0, 1, 0, 0, 0, 1, 0, 0, 1, 0, Merchant, Merchant, Port, Port, Bow, Bow, 7508, 5544.948, 326, 326.6008, 320, 14.06052, no, No, Port, Starboard, Bow, Beam, None, , Crossing, Crossing, Give Way, Stand On, Turn To Starboard, Hold Course And Speed, 10 degrees, 0 degrees, 10 degrees, , 
1622.6, Beginner, Answer, 0, Student27, 88, 1, 1, 1, 1, 1, 1, 1, 0, 0, 0, 1, 1, 1, 1, 0, Tug With Tow, Tug With Tow, Port, Port, Bow, Bow, 7346, 6463.671, 359, 359.2371, 0, 0.5134277, no, No, Port, Starboard, Bow, Beam, None, , Head On, Head On, Give Way, Give Way, Turn To Starboard, Turn To Starboard, 10 degrees, 20 degrees, 10 degrees, , 
1948.8, Beginner, Answer, 0, Student27, 54, 1, 1, 1, 1, 1, 0, 1, 0, 1, 0, 1, 1, 0, 1, 0, Merchant, Merchant, Port, Port, Bow, Bow, 7152, 5217.008, 359, 359.1355, None, 0.3768921, no, No, Starboard, Port, Beam, Beam, None, , Head On, Head On, Give Way, Give Way, Hold Course And Speed, Turn To Starboard, 0 degrees, 20 degrees, 10 degrees, , 
2212.4, Beginner, Answer, 0, Student27, 30, 0, 1, 1, 1, 1, 0, 1, 0, 0, 0, 0, 0, 0, 1, 0, Merchant, Tanker, Port, Port, Bow, Bow, 7520, 5982.364, 338, 338.8932, None, 11.11017, no, No, Port, Starboard, Bow, Beam, None, , Overtaking, Crossing, Give Way, Stand On, Turn To Port, Hold Course And Speed, 10 degrees, 0 degrees, 10 degrees, , 
2503.5, Beginner, Answer, 0, Student27, 69, 1, 0, 0, 1, 1, 0, 1, 1, 0, 0, 1, 1, 1, 1, 0, Merchant, Merchant, Port, Starboard, Bow, Broad On Bow, 5608, 4548.819, 49, 49.28198, 0, 331.2161, no, No, Port, Port, Bow, Broad On Bow, None, , Crossing, Crossing, Give Way, Give Way, Turn To Starboard, Turn To Starboard, 10 degrees, 50 degrees, 10 degrees, , 
2850.2, Beginner, Answer, 0, Student27, 74, 0, 0, 1, 1, 1, 1, 1, 1, 0, 0, 0, 1, 1, 1, 0, Warship, Merchant, Port, Starboard, Bow, Bow, 6504, 4715.393, 0, 19.25803, 0, 349.2451, no, No, Port, Port, Bow, Beam, None, , Head On, Crossing, Give Way, Give Way, Turn To Starboard, Turn To Starboard, 10 degrees, 20 degrees, 10 degrees, , 
