Time, Difficulty, EventType, Latency, Student Name, Score, TargetVesselTypeScore, TargetIsPortStarboardScore, TargetIsBowBeamSternScore, TargetRangeScore, TargetBearingScore, TargetAngleScore, TargetBearingDriftScore, TargetCPAIsPortStarboardScore, TargetCPAIsBowBeamSternScore, TargetCPARangeScore, RuleTypeScore, StandOnGiveWayScore, ActionScore, DegreesScore, SpeedScore, TargetVesselTypechosen, TargetVesselTypecorrect, TargetIsPortStarboardchosen, TargetIsPortStarboardcorrect, TargetIsBowBeamSternchosen, TargetIsBowBeamSterncorrect, TargetRangechosen, TargetRangecorrect, TargetBearingchosen, TargetBearingcorrect, TargetAnglechosen, TargetAnglecorrect, TargetBearingDriftchosen, TargetBearingDriftcorrect, TargetCPAIsPortStarboardchosen, TargetCPAIsPortStarboardcorrect, TargetCPAIsBowBeamSternchosen, TargetCPAIsBowBeamSterncorrect, TargetCPARangechosen, TargetCPARangecorrect, RuleTypechosen, RuleTypecorrect, StandOnGiveWaychosen, StandOnGiveWaycorrect, Actionchosen, Actioncorrect, Degreeschosen, Degreescorrect, Speedchosen, Speedcorrect, 
73, Beginner, Answer,0,Student80,53,1,1,1,1,1,0,1,0,0,0,0,1,1,1,0, Merchant, Merchant, Port, Port, Bow, Bow,10000,10203.72,330,330.9236,88,12.40692, no, No, Port, Starboard, Bow, Beam, None, , Head On, Crossing, Stand On, Stand On, Hold Course And Speed, Hold Course And Speed, 0 degrees, 0 degrees, 10 degrees, , 
173, Beginner, Answer,0,Student80,56,1,1,1,1,0,0,1,1,1,0,1,1,0,1,0, Merchant, Merchant, Starboard, Starboard, Bow, Bow,9849,9565.77, None,1.974315,85,358.8669, no, No, Port, Port, Beam, Beam, None, , Head On, Head On, Give Way, Give Way, Hold Course And Speed, Turn To Starboard, 0 degrees, 20 degrees, 10 degrees, , 
302, Beginner, Answer,0,Student80,78,1,1,1,1,1,0,1,1,1,0,1,1,1,1,0, Merchant, Merchant, Port, Port, Bow, Bow,9573,9102.892,347,347.0399,110,7.32074, no, No, Starboard, Starboard, Beam, Beam, None, , Crossing, Crossing, Stand On, Stand On, Hold Course And Speed, Hold Course And Speed, 0 degrees, 0 degrees, 10 degrees, , 
414, Beginner, Answer,0,Student80,27,0,1,1,0,0,0,1,0,0,0,0,1,0,1,0, Warship, Merchant, Port, Port, Bow, Bow, None,7431.245, None,351.3675,152,6.677765, no, No, Port, Starboard, Bow, Beam, None, , Head On, Crossing, Stand On, Stand On, Turn To Starboard, Hold Course And Speed, 10 degrees, 0 degrees, 10 degrees, , 
552, Beginner, Answer,0,Student80,66,1,0,1,0,0,0,1,1,0,0,1,1,1,1,0, Merchant, Merchant, Port, Starboard, Bow, Bow, None,7699.233, None,27.04693,349,345.0825, no, No, Port, Port, Bow, Beam, None, , Crossing, Crossing, Give Way, Give Way, Turn To Starboard, Turn To Starboard, 10 degrees, 30 degrees, 10 degrees, , 
654, Beginner, Answer,0,Student80,78,1,1,1,1,1,0,1,1,1,0,1,1,1,1,0, Merchant, Merchant, Port, Port, Bow, Bow,2721,1928.209,359,359.3008,63,179.3008, no, No, Port, Port, Beam, Beam, None, , Overtaking, Overtaking, Give Way, Give Way, Turn To Starboard, Turn To Starboard, 10 degrees, 20 degrees, 10 degrees, , 
755, Beginner, Answer,0,Student80,28,0,0,1,0,0,0,1,1,0,0,0,0,0,1,0, Warship, Tanker, Port, Starboard, Bow, Bow, None,8807.37, None,13.77696,251,352.385, no, No, Port, Port, Bow, Beam, None, , Head On, Crossing, Stand On, Give Way, Hold Course And Speed, Turn To Starboard, 0 degrees, 20 degrees, 10 degrees, , 
892, Beginner, Answer,0,Student80,40,0,1,1,0,0,0,1,0,0,0,1,0,0,1,0, Warship, Merchant, Port, Port, Bow, Bow, None,8182.875, None,357.5316,96,1.556305, no, No, Port, Starboard, Bow, Beam, None, , Head On, Head On, Stand On, Give Way, Hold Course And Speed, Turn To Starboard, 0 degrees, 20 degrees, 10 degrees, , 
998, Beginner, Answer,0,Student80,76,1,1,1,0,1,0,1,1,1,0,1,1,1,1,0, Merchant, Merchant, Starboard, Starboard, Beam, Beam,8653,6579.748,56,56.40555,136,338.0127, no, No, Port, Port, Bow, Bow, None, , Crossing, Crossing, Give Way, Give Way, Turn To Starboard, Turn To Starboard, 10 degrees, 60 degrees, 10 degrees, , 
1122, Beginner, Answer,0,Student80,28,0,0,1,0,0,0,1,1,0,0,0,0,0,1,0, Warship, Tanker, Port, Starboard, Bow, Bow, None,9358.19, None,27.39087,250,348.1518, no, No, Port, Port, Bow, Beam, None, , Head On, Crossing, Stand On, Give Way, Hold Course And Speed, Turn To Starboard, 0 degrees, 30 degrees, 10 degrees, , 
