Time, Difficulty, EventType, Latency, Score, TargetVesselTypescore, TargetIsPortStarboardscore, TargetIsBowBeamSternscore, TargetRangescore, TargetBearingscore, TargetAnglescore, TargetBearingDriftscore, TargetCPARangescore, TargetCPAIsPortStarboardscore, TargetCPAIsBowBeamSternscore, TargetCPATimescore, RuleTypescore, StandOnGiveWayscore, Actionscore, Degreesscore, Speedscore, TargetVesselTypechosen, TargetVesselTypecorrect, TargetIsPortStarboardchosen, TargetIsPortStarboardcorrect, TargetIsBowBeamSternchosen, TargetIsBowBeamSterncorrect, TargetRangechosen, TargetRangecorrect, TargetBearingchosen, TargetBearingcorrect, TargetAnglechosen, TargetAnglecorrect, TargetBearingDriftchosen, TargetBearingDriftcorrect, TargetCPARangechosen, TargetCPARangecorrect, TargetCPAIsPortStarboardchosen, TargetCPAIsPortStarboardcorrect, TargetCPAIsBowBeamSternchosen, TargetCPAIsBowBeamSterncorrect, TargetCPATimechosen, TargetCPATimecorrect, RuleTypechosen, RuleTypecorrect, StandOnGiveWaychosen, StandOnGiveWaycorrect, Actionchosen, Actioncorrect, Degreeschosen, Degreescorrect, Speedchosen, Speedcorrect, 
039.0, 0.24, Answer, 000.0, 73.95, 2, 2, 2, 1.7, 2.55, 20, 0, 0, 5, 0, 1.7, 15, 2, 19, 1, 0, TugWithTow, TugWithTow, Port, Port, Bow, Bow, 8200, 7330, 348, 359, 0, 0, has strong left, is CBDR, 5000, 0, Port, Port, Bow, Beam, 6, 8, Head On, Head On, Giveway, Giveway, turn to starboard, turn to starboard, 90 deg, 90 deg, hold speed, hold speed, , 
076.5, 0.25, Answer, 000.0, 24.7, 2, 0, 2, 0, 3, 0, 0, 0, 0, 0, 1.7, 15, 0, 0, 1, 0, Merchant, Merchant, Port, Stbd, Bow, Bow, 8800, 7713, 25, 25, 50, 325, has strong left, is CBDR, 5000, 0, Port, Stbd, Bow, Quarter, 6, 8, Crossing, Crossing, Stand on, Giveway, hold course and speed, turn to starboard, 20 deg, 20 deg, hold speed, hold speed, , 
106.4, 0.28, Answer, 000.0, 54.7, 2, 2, 2, 2, 3, 0, 0, 0, 5, 0, 1.7, 15, 2, 19, 1, 0, Merchant, Merchant, Port, Port, Bow, Bow, 4000, 3590, 360, 359, 61, 180, has strong left, is CBDR, 5000, 19, Port, Port, Bow, Beam, 6, 8, Overtaking, Overtaking, Giveway, Giveway, turn to starboard, turn to starboard, 90 deg, 90 deg, hold speed, hold speed, , 
136.6, 0.31, Answer, 000.0, 75, 2, 2, 2, 2, 3, 20, 0, 0, 5, 0, 2, 15, 2, 19, 1, 0, TugWithTow, TugWithTow, Port, Port, Bow, Bow, 3300, 3024, 360, 359, 180, 180, has strong left, is CBDR, 5000, 12, Port, Port, Bow, Beam, 8, 8, Overtaking, Overtaking, Giveway, Giveway, turn to starboard, turn to starboard, 90 deg, 90 deg, hold speed, hold speed, , 
161.6, 0.35, Answer, 000.0, 67.7, 2, 0, 2, 2, 3, 20, 0, 0, 0, 0, 1.7, 15, 2, 19, 1, 0, TugWithTow, TugWithTow, Port, Stbd, Bow, Bow, 3500, 3230, 0, 0, 180, 179, has strong left, is CBDR, 5000, 8, Port, Stbd, Bow, Beam, 6, 8, Overtaking, Overtaking, Giveway, Giveway, turn to starboard, turn to starboard, 0 deg, 0 deg, hold speed, hold speed, , 
