Student22_2024_02_23_21_38, 2024-02-23 21:38
Time, Difficulty, EventType, Latency, Student Name, Score, TargetVesselTypeScore, TargetIsPortStarboardScore, TargetIsBowBeamSternScore, TargetRangeScore, TargetBearingScore, TargetAngleScore, TargetBearingDriftScore, TargetCPAIsPortStarboardScore, TargetCPAIsBowBeamSternScore, TargetCPARangeScore, RuleTypeScore, StandOnGiveWayScore, ActionScore, DegreesScore, SpeedScore, TargetVesselTypechosen, TargetVesselTypecorrect, TargetIsPortStarboardchosen, TargetIsPortStarboardcorrect, TargetIsBowBeamSternchosen, TargetIsBowBeamSterncorrect, TargetRangechosen, TargetRangecorrect, TargetBearingchosen, TargetBearingcorrect, TargetAnglechosen, TargetAnglecorrect, TargetBearingDriftchosen, TargetBearingDriftcorrect, TargetCPAIsPortStarboardchosen, TargetCPAIsPortStarboardcorrect, TargetCPAIsBowBeamSternchosen, TargetCPAIsBowBeamSterncorrect, TargetCPARangechosen, TargetCPARangecorrect, RuleTypechosen, RuleTypecorrect, StandOnGiveWaychosen, StandOnGiveWaycorrect, Actionchosen, Actioncorrect, Degreeschosen, Degreescorrect, Speedchosen, Speedcorrect, 
0018.0, None, GameMode, -1, Quiz
0018.0, None, Continue, -1, Continue
0295.8, Intermediate, Answer, 0, Student22, 32, 1, 1, 1, 0, 1, 0, 1, 0, 0, 0, 0, 1, 0, 1, 0, MV Serius Star2, MV Serius Star2, Port, Port, Bow, Bow, 9061, 6057.76, 336, 335.816, 330, 10.14249, no, No, Port, Starboard, Bow, Beam, None, , Head On, Crossing, Stand On, Stand On, Turn To Starboard, Hold Course And Speed, 10 degrees, 0 degrees, 10 degrees, , 
0755.4, Intermediate, Answer, 0, Student22, 61, 0, 1, 0, 0, 1, 0, 1, 0, 0, 0, 1, 1, 1, 0, 0, HOS Brigadoon27, HOS Brigadoon18, Starboard, Starboard, Bow, Broad On Bow, 4606, 1824.428, 48, 43.69759, 0, 332.6094, no, No, Starboard, Port, Bow, Broad On Bow, None, , Crossing, Crossing, Give Way, Give Way, Turn To Starboard, Turn To Starboard, 10 degrees, 40 degrees, 10 degrees, , 
0963.4, Intermediate, Answer, 0, Student22, 68, 1, 1, 1, 1, 1, 0, 1, 0, 0, 0, 1, 1, 1, 1, 0, HOS Brigadoon38, HOS Brigadoon38, Port, Port, Bow, Bow, 7996, 6319.218, 343, 343.3608, None, 7.68277, no, No, Port, Starboard, Bow, Beam, None, , Crossing, Crossing, Stand On, Stand On, Hold Course And Speed, Hold Course And Speed, 0 degrees, 0 degrees, 10 degrees, , 
